get,parameters.season,parameters.team,results,response.id,response.league,response.season,response.date.start,response.date.end,response.date.duration,response.stage,response.status.clock,response.status.halftime,response.status.short,response.status.long,response.periods.current,response.periods.total,response.periods.endOfPeriod,response.arena.name,response.arena.city,response.arena.state,response.arena.country,response.teams.visitors.id,response.teams.visitors.name,response.teams.visitors.nickname,response.teams.visitors.code,response.teams.visitors.logo,response.teams.home.id,response.teams.home.name,response.teams.home.nickname,response.teams.home.code,response.teams.home.logo,response.scores.visitors.win,response.scores.visitors.loss,response.scores.visitors.series.win,response.scores.visitors.series.loss,response.scores.visitors.linescore.0,response.scores.visitors.linescore.1,response.scores.visitors.linescore.2,response.scores.visitors.linescore.3,response.scores.visitors.points,response.scores.home.win,response.scores.home.loss,response.scores.home.series.win,response.scores.home.series.loss,response.scores.home.linescore.0,response.scores.home.linescore.1,response.scores.home.linescore.2,response.scores.home.linescore.3,response.scores.home.points,response.timesTied,response.leadChanges,response.nugget,response.scores.visitors.linescore.4,response.scores.home.linescore.4
games/,2023,30,87,12484,standard,2023,2023-10-09T00:00:00.000Z,,,1,,FALSE,3,Finished,0,4,FALSE,Rogers Arena,Vancouver,BC,,30,Sacramento Kings,Kings,SAC,https://upload.wikimedia.org/wikipedia/fr/thumb/9/95/Kings_de_Sacramento_logo.svg/1200px-Kings_de_Sacramento_logo.svg.png,38,Toronto Raptors,Raptors,TOR,https://upload.wikimedia.org/wikipedia/fr/8/89/Raptors2015.png,0,0,0,0,35,20,19,25,99,0,0,0,0,35,34,26,17,112,,,,,
,,,,12499,standard,2023,2023-10-12T02:00:00.000Z,,,1,,FALSE,3,Finished,4,4,FALSE,Honda Center,Anaheim,CA,,30,Sacramento Kings,Kings,SAC,https://upload.wikimedia.org/wikipedia/fr/thumb/9/95/Kings_de_Sacramento_logo.svg/1200px-Kings_de_Sacramento_logo.svg.png,17,Los Angeles Lakers,Lakers,LAL,https://upload.wikimedia.org/wikipedia/commons/thumb/3/3c/Los_Angeles_Lakers_logo.svg/220px-Los_Angeles_Lakers_logo.svg.png,0,0,0,0,28,23,28,22,101,0,0,0,0,30,20,40,19,109,,,,,
,,,,12518,standard,2023,2023-10-16T01:30:00.000Z,,,1,,FALSE,3,Finished,4,4,FALSE,Golden 1 Center,Sacramento,CA,,11,Golden State Warriors,Warriors,GSW,https://upload.wikimedia.org/wikipedia/fr/thumb/d/de/Warriors_de_Golden_State_logo.svg/1200px-Warriors_de_Golden_State_logo.svg.png,30,Sacramento Kings,Kings,SAC,https://upload.wikimedia.org/wikipedia/fr/thumb/9/95/Kings_de_Sacramento_logo.svg/1200px-Kings_de_Sacramento_logo.svg.png,0,0,0,0,25,31,27,28,121,0,0,0,0,38,21,24,28,115,,,,10,4
,,,,12534,standard,2023,2023-10-19T02:00:00.000Z,,,1,,FALSE,3,Finished,0,4,FALSE,Chase Center,San Francisco,CA,,30,Sacramento Kings,Kings,SAC,https://upload.wikimedia.org/wikipedia/fr/thumb/9/95/Kings_de_Sacramento_logo.svg/1200px-Kings_de_Sacramento_logo.svg.png,11,Golden State Warriors,Warriors,GSW,https://upload.wikimedia.org/wikipedia/fr/thumb/d/de/Warriors_de_Golden_State_logo.svg/1200px-Warriors_de_Golden_State_logo.svg.png,0,0,0,0,23,33,33,26,115,0,0,0,0,22,27,27,40,116,,,,,
,,,,12540,standard,2023,2023-10-20T02:00:00.000Z,,,1,,FALSE,3,Finished,4,4,FALSE,Golden 1 Center,Sacramento,CA,,40,Utah Jazz,Jazz,UTA,https://upload.wikimedia.org/wikipedia/fr/3/3b/Jazz_de_l%27Utah_logo.png,30,Sacramento Kings,Kings,SAC,https://upload.wikimedia.org/wikipedia/fr/thumb/9/95/Kings_de_Sacramento_logo.svg/1200px-Kings_de_Sacramento_logo.svg.png,0,0,0,0,26,23,36,28,113,0,0,0,0,27,27,25,37,116,,,,,
,,,,12560,standard,2023,2023-10-26T01:00:00.000Z,,,2,,FALSE,3,Finished,4,4,FALSE,Delta Center,Salt Lake City,UT,,30,Sacramento Kings,Kings,SAC,https://upload.wikimedia.org/wikipedia/fr/thumb/9/95/Kings_de_Sacramento_logo.svg/1200px-Kings_de_Sacramento_logo.svg.png,40,Utah Jazz,Jazz,UTA,https://upload.wikimedia.org/wikipedia/fr/3/3b/Jazz_de_l%27Utah_logo.png,0,0,0,0,32,40,33,25,130,0,0,0,0,24,34,29,27,114,,,,,
,,,,12575,standard,2023,2023-10-28T02:00:00.000Z,,,2,,FALSE,3,Finished,4,4,FALSE,Golden 1 Center,Sacramento,CA,,11,Golden State Warriors,Warriors,GSW,https://upload.wikimedia.org/wikipedia/fr/thumb/d/de/Warriors_de_Golden_State_logo.svg/1200px-Warriors_de_Golden_State_logo.svg.png,30,Sacramento Kings,Kings,SAC,https://upload.wikimedia.org/wikipedia/fr/thumb/9/95/Kings_de_Sacramento_logo.svg/1200px-Kings_de_Sacramento_logo.svg.png,0,0,0,0,24,36,39,23,122,0,0,0,0,29,28,27,30,114,,,,,
,,,,12588,standard,2023,2023-10-30T01:00:00.000Z,,,2,,FALSE,3,Finished,4,4,FALSE,Golden 1 Center,Sacramento,CA,,17,Los Angeles Lakers,Lakers,LAL,https://upload.wikimedia.org/wikipedia/commons/thumb/3/3c/Los_Angeles_Lakers_logo.svg/220px-Los_Angeles_Lakers_logo.svg.png,30,Sacramento Kings,Kings,SAC,https://upload.wikimedia.org/wikipedia/fr/thumb/9/95/Kings_de_Sacramento_logo.svg/1200px-Kings_de_Sacramento_logo.svg.png,0,0,0,0,28,27,28,32,127,0,0,0,0,41,25,21,28,132,,,,12,17
,,,,12614,standard,2023,2023-11-02T02:00:00.000Z,,,2,,FALSE,3,Finished,4,4,FALSE,Chase Center,San Francisco,CA,,30,Sacramento Kings,Kings,SAC,https://upload.wikimedia.org/wikipedia/fr/thumb/9/95/Kings_de_Sacramento_logo.svg/1200px-Kings_de_Sacramento_logo.svg.png,11,Golden State Warriors,Warriors,GSW,https://upload.wikimedia.org/wikipedia/fr/thumb/d/de/Warriors_de_Golden_State_logo.svg/1200px-Warriors_de_Golden_State_logo.svg.png,0,0,0,0,31,24,24,22,101,0,0,0,0,28,28,18,28,102,,,,,
,,,,12632,standard,2023,2023-11-05T00:00:00.000Z,,,2,,FALSE,3,Finished,4,4,FALSE,Toyota Center (Houston),Houston,TX,,30,Sacramento Kings,Kings,SAC,https://upload.wikimedia.org/wikipedia/fr/thumb/9/95/Kings_de_Sacramento_logo.svg/1200px-Kings_de_Sacramento_logo.svg.png,14,Houston Rockets,Rockets,HOU,https://upload.wikimedia.org/wikipedia/fr/thumb/d/de/Houston_Rockets_logo_2003.png/330px-Houston_Rockets_logo_2003.png,0,0,0,0,19,34,15,21,89,0,0,0,0,33,26,12,36,107,,,,,
,,,,12648,standard,2023,2023-11-07T01:00:00.000Z,,,2,,FALSE,3,Finished,4,4,FALSE,Toyota Center (Houston),Houston,TX,,30,Sacramento Kings,Kings,SAC,https://upload.wikimedia.org/wikipedia/fr/thumb/9/95/Kings_de_Sacramento_logo.svg/1200px-Kings_de_Sacramento_logo.svg.png,14,Houston Rockets,Rockets,HOU,https://upload.wikimedia.org/wikipedia/fr/thumb/d/de/Houston_Rockets_logo_2003.png/330px-Houston_Rockets_logo_2003.png,0,0,0,0,22,20,18,37,97,0,0,0,0,32,35,30,25,122,,,,,
,,,,12665,standard,2023,2023-11-09T03:00:00.000Z,,,2,,FALSE,3,Finished,4,4,FALSE,Golden 1 Center,Sacramento,CA,,29,Portland Trail Blazers,Trail Blazers,POR,https://upload.wikimedia.org/wikipedia/en/thumb/2/21/Portland_Trail_Blazers_logo.svg/1200px-Portland_Trail_Blazers_logo.svg.png,30,Sacramento Kings,Kings,SAC,https://upload.wikimedia.org/wikipedia/fr/thumb/9/95/Kings_de_Sacramento_logo.svg/1200px-Kings_de_Sacramento_logo.svg.png,0,0,0,0,29,31,24,27,118,0,0,0,0,34,22,29,26,121,,,,7,10
,,,,12676,standard,2023,2023-11-11T03:00:00.000Z,,,2,,FALSE,3,Finished,4,4,FALSE,Golden 1 Center,Sacramento,CA,,25,Oklahoma City Thunder,Thunder,OKC,https://upload.wikimedia.org/wikipedia/fr/thumb/4/4f/Thunder_d%27Oklahoma_City_logo.svg/1200px-Thunder_d%27Oklahoma_City_logo.svg.png,30,Sacramento Kings,Kings,SAC,https://upload.wikimedia.org/wikipedia/fr/thumb/9/95/Kings_de_Sacramento_logo.svg/1200px-Kings_de_Sacramento_logo.svg.png,0,0,0,0,20,22,28,28,98,0,0,0,0,34,19,22,30,105,,,,,
,,,,12695,standard,2023,2023-11-14T03:00:00.000Z,,,2,,FALSE,3,Finished,4,4,FALSE,Golden 1 Center,Sacramento,CA,,7,Cleveland Cavaliers,Cavaliers,CLE,https://upload.wikimedia.org/wikipedia/fr/thumb/0/06/Cavs_de_Cleveland_logo_2017.png/150px-Cavs_de_Cleveland_logo_2017.png,30,Sacramento Kings,Kings,SAC,https://upload.wikimedia.org/wikipedia/fr/thumb/9/95/Kings_de_Sacramento_logo.svg/1200px-Kings_de_Sacramento_logo.svg.png,0,0,0,0,25,35,29,31,120,0,0,0,0,33,35,42,22,132,,,,,
,,,,12712,standard,2023,2023-11-16T03:00:00.000Z,,,2,,FALSE,3,Finished,4,4,FALSE,crypto.com Arena,Los Angeles,CA,,30,Sacramento Kings,Kings,SAC,https://upload.wikimedia.org/wikipedia/fr/thumb/9/95/Kings_de_Sacramento_logo.svg/1200px-Kings_de_Sacramento_logo.svg.png,17,Los Angeles Lakers,Lakers,LAL,https://upload.wikimedia.org/wikipedia/commons/thumb/3/3c/Los_Angeles_Lakers_logo.svg/220px-Los_Angeles_Lakers_logo.svg.png,0,0,0,0,38,34,32,21,125,0,0,0,0,25,34,21,30,110,,,,,
,,,,12721,standard,2023,2023-11-18T00:30:00.000Z,,,2,,FALSE,3,Finished,4,4,FALSE,Frost Bank Center,San Antonio,TX,,30,Sacramento Kings,Kings,SAC,https://upload.wikimedia.org/wikipedia/fr/thumb/9/95/Kings_de_Sacramento_logo.svg/1200px-Kings_de_Sacramento_logo.svg.png,31,San Antonio Spurs,Spurs,SAS,https://upload.wikimedia.org/wikipedia/fr/0/0e/San_Antonio_Spurs_2018.png,0,0,0,0,29,33,33,34,129,0,0,0,0,31,31,32,26,120,,,,,
,,,,12737,standard,2023,2023-11-20T00:30:00.000Z,,,2,,FALSE,3,Finished,4,4,FALSE,American Airlines Center,Dallas,TX,,30,Sacramento Kings,Kings,SAC,https://upload.wikimedia.org/wikipedia/fr/thumb/9/95/Kings_de_Sacramento_logo.svg/1200px-Kings_de_Sacramento_logo.svg.png,8,Dallas Mavericks,Mavericks,DAL,https://upload.wikimedia.org/wikipedia/fr/thumb/b/b8/Mavericks_de_Dallas_logo.svg/150px-Mavericks_de_Dallas_logo.svg.png,0,0,0,0,35,35,37,22,129,0,0,0,0,36,29,31,17,113,,,,,
,,,,12747,standard,2023,2023-11-21T01:00:00.000Z,,,2,,FALSE,3,Finished,4,4,FALSE,Smoothie King Center,New Orleans,LA,,30,Sacramento Kings,Kings,SAC,https://upload.wikimedia.org/wikipedia/fr/thumb/9/95/Kings_de_Sacramento_logo.svg/1200px-Kings_de_Sacramento_logo.svg.png,23,New Orleans Pelicans,Pelicans,NOP,https://upload.wikimedia.org/wikipedia/fr/thumb/2/21/New_Orleans_Pelicans.png/200px-New_Orleans_Pelicans.png,0,0,0,0,31,22,16,24,93,0,0,0,0,29,37,34,29,129,,,,,
,,,,12763,standard,2023,2023-11-23T01:00:00.000Z,,,2,,FALSE,3,Finished,4,4,FALSE,Smoothie King Center,New Orleans,LA,,30,Sacramento Kings,Kings,SAC,https://upload.wikimedia.org/wikipedia/fr/thumb/9/95/Kings_de_Sacramento_logo.svg/1200px-Kings_de_Sacramento_logo.svg.png,23,New Orleans Pelicans,Pelicans,NOP,https://upload.wikimedia.org/wikipedia/fr/thumb/2/21/New_Orleans_Pelicans.png/200px-New_Orleans_Pelicans.png,0,0,0,0,30,20,29,33,112,0,0,0,0,32,32,29,24,117,,,,,
,,,,12776,standard,2023,2023-11-25T01:00:00.000Z,,,2,,FALSE,3,Finished,4,4,FALSE,Target Center,Minneapolis,MN,,30,Sacramento Kings,Kings,SAC,https://upload.wikimedia.org/wikipedia/fr/thumb/9/95/Kings_de_Sacramento_logo.svg/1200px-Kings_de_Sacramento_logo.svg.png,22,Minnesota Timberwolves,Timberwolves,MIN,https://upload.wikimedia.org/wikipedia/fr/thumb/d/d9/Timberwolves_du_Minnesota_logo_2017.png/200px-Timberwolves_du_Minnesota_logo_2017.png,0,0,0,0,38,32,22,32,124,0,0,0,0,31,33,15,32,111,,,,,
,,,,12805,standard,2023,2023-11-29T03:00:00.000Z,,,2,,FALSE,3,Finished,4,4,FALSE,Golden 1 Center,Sacramento,CA,,11,Golden State Warriors,Warriors,GSW,https://upload.wikimedia.org/wikipedia/fr/thumb/d/de/Warriors_de_Golden_State_logo.svg/1200px-Warriors_de_Golden_State_logo.svg.png,30,Sacramento Kings,Kings,SAC,https://upload.wikimedia.org/wikipedia/fr/thumb/9/95/Kings_de_Sacramento_logo.svg/1200px-Kings_de_Sacramento_logo.svg.png,0,0,0,0,37,35,32,19,123,0,0,0,0,29,26,40,29,124,,,,,
,,,,12812,standard,2023,2023-11-30T03:00:00.000Z,,,2,,FALSE,3,Finished,4,4,FALSE,Golden 1 Center,Sacramento,CA,,16,LA Clippers,Clippers,LAC,https://upload.wikimedia.org/wikipedia/fr/d/d6/Los_Angeles_Clippers_logo_2010.png,30,Sacramento Kings,Kings,SAC,https://upload.wikimedia.org/wikipedia/fr/thumb/9/95/Kings_de_Sacramento_logo.svg/1200px-Kings_de_Sacramento_logo.svg.png,0,0,0,0,35,37,30,29,131,0,0,0,0,27,23,31,36,117,,,,,
,,,,12838,standard,2023,2023-12-03T03:00:00.000Z,,,2,,FALSE,3,Finished,4,4,FALSE,Golden 1 Center,Sacramento,CA,,9,Denver Nuggets,Nuggets,DEN,https://upload.wikimedia.org/wikipedia/fr/thumb/3/35/Nuggets_de_Denver_2018.png/180px-Nuggets_de_Denver_2018.png,30,Sacramento Kings,Kings,SAC,https://upload.wikimedia.org/wikipedia/fr/thumb/9/95/Kings_de_Sacramento_logo.svg/1200px-Kings_de_Sacramento_logo.svg.png,0,0,0,0,30,20,28,39,117,0,0,0,0,25,39,24,35,123,,,,,
,,,,12851,standard,2023,2023-12-12T03:00:00.000Z,,,2,,FALSE,3,Finished,4,4,FALSE,Golden 1 Center,Sacramento,CA,,4,Brooklyn Nets,Nets,BKN,https://upload.wikimedia.org/wikipedia/commons/thumb/4/44/Brooklyn_Nets_newlogo.svg/130px-Brooklyn_Nets_newlogo.svg.png,30,Sacramento Kings,Kings,SAC,https://upload.wikimedia.org/wikipedia/fr/thumb/9/95/Kings_de_Sacramento_logo.svg/1200px-Kings_de_Sacramento_logo.svg.png,0,0,0,0,18,30,37,33,118,0,0,0,0,26,28,44,33,131,,,,,
,,,,12857,standard,2023,2023-12-13T03:30:00.000Z,,,2,,FALSE,3,Finished,4,4,FALSE,crypto.com Arena,Los Angeles,CA,,30,Sacramento Kings,Kings,SAC,https://upload.wikimedia.org/wikipedia/fr/thumb/9/95/Kings_de_Sacramento_logo.svg/1200px-Kings_de_Sacramento_logo.svg.png,16,LA Clippers,Clippers,LAC,https://upload.wikimedia.org/wikipedia/fr/d/d6/Los_Angeles_Clippers_logo_2010.png,0,0,0,0,24,24,22,29,99,0,0,0,0,32,38,29,20,119,,,,,
,,,,12872,standard,2023,2023-12-15T03:00:00.000Z,,,2,,FALSE,3,Finished,4,4,FALSE,Golden 1 Center,Sacramento,CA,,25,Oklahoma City Thunder,Thunder,OKC,https://upload.wikimedia.org/wikipedia/fr/thumb/4/4f/Thunder_d%27Oklahoma_City_logo.svg/1200px-Thunder_d%27Oklahoma_City_logo.svg.png,30,Sacramento Kings,Kings,SAC,https://upload.wikimedia.org/wikipedia/fr/thumb/9/95/Kings_de_Sacramento_logo.svg/1200px-Kings_de_Sacramento_logo.svg.png,0,0,0,0,30,23,39,31,123,0,0,0,0,29,30,41,28,128,,,,,
,,,,12890,standard,2023,2023-12-17T03:00:00.000Z,,,2,,FALSE,3,Finished,4,4,FALSE,Golden 1 Center,Sacramento,CA,,40,Utah Jazz,Jazz,UTA,https://upload.wikimedia.org/wikipedia/fr/3/3b/Jazz_de_l%27Utah_logo.png,30,Sacramento Kings,Kings,SAC,https://upload.wikimedia.org/wikipedia/fr/thumb/9/95/Kings_de_Sacramento_logo.svg/1200px-Kings_de_Sacramento_logo.svg.png,0,0,0,0,23,27,26,28,104,0,0,0,0,35,27,44,19,125,,,,,
,,,,12906,standard,2023,2023-12-19T03:00:00.000Z,,,2,,FALSE,3,Finished,4,4,FALSE,Golden 1 Center,Sacramento,CA,,41,Washington Wizards,Wizards,WAS,https://upload.wikimedia.org/wikipedia/fr/archive/d/d6/20161212034849%21Wizards2015.png,30,Sacramento Kings,Kings,SAC,https://upload.wikimedia.org/wikipedia/fr/thumb/9/95/Kings_de_Sacramento_logo.svg/1200px-Kings_de_Sacramento_logo.svg.png,0,0,0,0,31,25,35,40,131,0,0,0,0,27,39,46,31,143,,,,,
,,,,12921,standard,2023,2023-12-21T03:00:00.000Z,,,2,,FALSE,3,Finished,4,4,FALSE,Golden 1 Center,Sacramento,CA,,2,Boston Celtics,Celtics,BOS,https://upload.wikimedia.org/wikipedia/fr/thumb/6/65/Celtics_de_Boston_logo.svg/1024px-Celtics_de_Boston_logo.svg.png,30,Sacramento Kings,Kings,SAC,https://upload.wikimedia.org/wikipedia/fr/thumb/9/95/Kings_de_Sacramento_logo.svg/1200px-Kings_de_Sacramento_logo.svg.png,0,0,0,0,38,36,39,31,144,0,0,0,0,41,25,24,29,119,,,,,
,,,,12935,standard,2023,2023-12-23T03:00:00.000Z,,,2,,FALSE,3,Finished,4,4,FALSE,Golden 1 Center,Sacramento,CA,,28,Phoenix Suns,Suns,PHX,https://upload.wikimedia.org/wikipedia/fr/5/56/Phoenix_Suns_2013.png,30,Sacramento Kings,Kings,SAC,https://upload.wikimedia.org/wikipedia/fr/thumb/9/95/Kings_de_Sacramento_logo.svg/1200px-Kings_de_Sacramento_logo.svg.png,0,0,0,0,30,24,30,21,105,0,0,0,0,35,30,38,17,120,,,,,
,,,,12948,standard,2023,2023-12-24T03:00:00.000Z,,,2,,FALSE,3,Finished,4,4,FALSE,Golden 1 Center,Sacramento,CA,,22,Minnesota Timberwolves,Timberwolves,MIN,https://upload.wikimedia.org/wikipedia/fr/thumb/d/d9/Timberwolves_du_Minnesota_logo_2017.png/200px-Timberwolves_du_Minnesota_logo_2017.png,30,Sacramento Kings,Kings,SAC,https://upload.wikimedia.org/wikipedia/fr/thumb/9/95/Kings_de_Sacramento_logo.svg/1200px-Kings_de_Sacramento_logo.svg.png,0,0,0,0,28,31,22,29,110,0,0,0,0,20,27,23,28,98,,,,,
,,,,12961,standard,2023,2023-12-27T03:00:00.000Z,,,2,,FALSE,3,Finished,4,4,FALSE,Moda Center,Portland,OR,,30,Sacramento Kings,Kings,SAC,https://upload.wikimedia.org/wikipedia/fr/thumb/9/95/Kings_de_Sacramento_logo.svg/1200px-Kings_de_Sacramento_logo.svg.png,29,Portland Trail Blazers,Trail Blazers,POR,https://upload.wikimedia.org/wikipedia/en/thumb/2/21/Portland_Trail_Blazers_logo.svg/1200px-Portland_Trail_Blazers_logo.svg.png,0,0,0,0,33,27,35,18,113,0,0,0,0,32,35,37,26,130,,,,,
,,,,12979,standard,2023,2023-12-30T00:30:00.000Z,,,2,,FALSE,3,Finished,4,4,FALSE,State Farm Arena,Atlanta,GA,,30,Sacramento Kings,Kings,SAC,https://upload.wikimedia.org/wikipedia/fr/thumb/9/95/Kings_de_Sacramento_logo.svg/1200px-Kings_de_Sacramento_logo.svg.png,1,Atlanta Hawks,Hawks,ATL,https://upload.wikimedia.org/wikipedia/fr/e/ee/Hawks_2016.png,0,0,0,0,23,30,33,31,117,0,0,0,0,36,35,20,19,110,,,,,
,,,,12997,standard,2023,2024-01-01T01:00:00.000Z,,,2,,FALSE,3,Finished,4,4,FALSE,FedExForum,Memphis,TN,,30,Sacramento Kings,Kings,SAC,https://upload.wikimedia.org/wikipedia/fr/thumb/9/95/Kings_de_Sacramento_logo.svg/1200px-Kings_de_Sacramento_logo.svg.png,19,Memphis Grizzlies,Grizzlies,MEM,https://upload.wikimedia.org/wikipedia/en/thumb/f/f1/Memphis_Grizzlies.svg/1200px-Memphis_Grizzlies.svg.png,0,0,0,0,34,36,31,22,123,0,0,0,0,29,29,21,13,92,,,,,
,,,,13012,standard,2023,2024-01-03T03:00:00.000Z,,,2,,FALSE,3,Finished,4,4,FALSE,Golden 1 Center,Sacramento,CA,,5,Charlotte Hornets,Hornets,CHA,https://upload.wikimedia.org/wikipedia/fr/thumb/f/f3/Hornets_de_Charlotte_logo.svg/1200px-Hornets_de_Charlotte_logo.svg.png,30,Sacramento Kings,Kings,SAC,https://upload.wikimedia.org/wikipedia/fr/thumb/9/95/Kings_de_Sacramento_logo.svg/1200px-Kings_de_Sacramento_logo.svg.png,0,0,0,0,25,20,30,36,111,0,0,0,0,21,29,28,26,104,,,,,
,,,,13024,standard,2023,2024-01-04T03:00:00.000Z,,,2,,FALSE,3,Finished,4,4,FALSE,Golden 1 Center,Sacramento,CA,,26,Orlando Magic,Magic,ORL,https://upload.wikimedia.org/wikipedia/fr/b/bd/Orlando_Magic_logo_2010.png,30,Sacramento Kings,Kings,SAC,https://upload.wikimedia.org/wikipedia/fr/thumb/9/95/Kings_de_Sacramento_logo.svg/1200px-Kings_de_Sacramento_logo.svg.png,0,0,0,0,30,25,34,29,135,0,0,0,0,27,40,24,27,138,,,,9,9
,,,,13040,standard,2023,2024-01-06T03:00:00.000Z,,,2,,FALSE,3,Finished,4,4,FALSE,Golden 1 Center,Sacramento,CA,,38,Toronto Raptors,Raptors,TOR,https://upload.wikimedia.org/wikipedia/fr/8/89/Raptors2015.png,30,Sacramento Kings,Kings,SAC,https://upload.wikimedia.org/wikipedia/fr/thumb/9/95/Kings_de_Sacramento_logo.svg/1200px-Kings_de_Sacramento_logo.svg.png,0,0,0,0,27,30,40,33,130,0,0,0,0,36,41,30,28,135,,,,,
,,,,13048,standard,2023,2024-01-07T23:00:00.000Z,,,2,,FALSE,3,Finished,4,4,FALSE,Golden 1 Center,Sacramento,CA,,23,New Orleans Pelicans,Pelicans,NOP,https://upload.wikimedia.org/wikipedia/fr/thumb/2/21/New_Orleans_Pelicans.png/200px-New_Orleans_Pelicans.png,30,Sacramento Kings,Kings,SAC,https://upload.wikimedia.org/wikipedia/fr/thumb/9/95/Kings_de_Sacramento_logo.svg/1200px-Kings_de_Sacramento_logo.svg.png,0,0,0,0,33,39,31,30,133,0,0,0,0,21,26,14,39,100,,,,,
,,,,13060,standard,2023,2024-01-10T00:00:00.000Z,,,2,,FALSE,3,Finished,4,4,FALSE,Little Caesars Arena,Detroit,MI,,30,Sacramento Kings,Kings,SAC,https://upload.wikimedia.org/wikipedia/fr/thumb/9/95/Kings_de_Sacramento_logo.svg/1200px-Kings_de_Sacramento_logo.svg.png,10,Detroit Pistons,Pistons,DET,https://upload.wikimedia.org/wikipedia/commons/thumb/3/39/Logo_of_the_Detroit_Pistons.png/300px-Logo_of_the_Detroit_Pistons.png,0,0,0,0,29,39,30,33,131,0,0,0,0,47,18,30,15,110,,,,,
,,,,13066,standard,2023,2024-01-11T00:00:00.000Z,,,2,,FALSE,3,Finished,4,4,FALSE,Spectrum Center,Charlotte,NC,,30,Sacramento Kings,Kings,SAC,https://upload.wikimedia.org/wikipedia/fr/thumb/9/95/Kings_de_Sacramento_logo.svg/1200px-Kings_de_Sacramento_logo.svg.png,5,Charlotte Hornets,Hornets,CHA,https://upload.wikimedia.org/wikipedia/fr/thumb/f/f3/Hornets_de_Charlotte_logo.svg/1200px-Hornets_de_Charlotte_logo.svg.png,0,0,0,0,33,38,24,28,123,0,0,0,0,28,31,21,18,98,,,,,
,,,,13080,standard,2023,2024-01-13T00:00:00.000Z,,,2,,FALSE,3,Finished,4,4,FALSE,Wells Fargo Center,Philadelphia,PA,,30,Sacramento Kings,Kings,SAC,https://upload.wikimedia.org/wikipedia/fr/thumb/9/95/Kings_de_Sacramento_logo.svg/1200px-Kings_de_Sacramento_logo.svg.png,27,Philadelphia 76ers,76ers,PHI,https://upload.wikimedia.org/wikipedia/fr/4/48/76ers_2016.png,0,0,0,0,21,25,27,20,93,0,0,0,0,29,36,22,25,112,,,,,
,,,,13100,standard,2023,2024-01-15T00:00:00.000Z,,,2,,FALSE,3,Finished,4,4,FALSE,Fiserv Forum,Milwaukee,WI,,30,Sacramento Kings,Kings,SAC,https://upload.wikimedia.org/wikipedia/fr/thumb/9/95/Kings_de_Sacramento_logo.svg/1200px-Kings_de_Sacramento_logo.svg.png,21,Milwaukee Bucks,Bucks,MIL,https://upload.wikimedia.org/wikipedia/fr/3/34/Bucks2015.png,0,0,0,0,37,29,25,37,142,0,0,0,0,32,36,27,33,143,,,,14,15
,,,,13115,standard,2023,2024-01-17T02:00:00.000Z,,,2,,FALSE,3,Finished,4,4,FALSE,Footprint Center,Phoenix,AZ,,30,Sacramento Kings,Kings,SAC,https://upload.wikimedia.org/wikipedia/fr/thumb/9/95/Kings_de_Sacramento_logo.svg/1200px-Kings_de_Sacramento_logo.svg.png,28,Phoenix Suns,Suns,PHX,https://upload.wikimedia.org/wikipedia/fr/5/56/Phoenix_Suns_2013.png,0,0,0,0,39,29,28,21,117,0,0,0,0,27,24,33,35,119,,,,,
,,,,13131,standard,2023,2024-01-19T03:00:00.000Z,,,2,,FALSE,3,Finished,4,4,FALSE,Golden 1 Center,Sacramento,CA,,15,Indiana Pacers,Pacers,IND,https://upload.wikimedia.org/wikipedia/fr/thumb/c/cf/Pacers_de_l%27Indiana_logo.svg/1180px-Pacers_de_l%27Indiana_logo.svg.png,30,Sacramento Kings,Kings,SAC,https://upload.wikimedia.org/wikipedia/fr/thumb/9/95/Kings_de_Sacramento_logo.svg/1200px-Kings_de_Sacramento_logo.svg.png,0,0,0,0,34,36,29,27,126,0,0,0,0,31,26,32,32,121,,,,,
,,,,13161,standard,2023,2024-01-23T03:00:00.000Z,,,2,,FALSE,3,Finished,4,4,FALSE,Golden 1 Center,Sacramento,CA,,1,Atlanta Hawks,Hawks,ATL,https://upload.wikimedia.org/wikipedia/fr/e/ee/Hawks_2016.png,30,Sacramento Kings,Kings,SAC,https://upload.wikimedia.org/wikipedia/fr/thumb/9/95/Kings_de_Sacramento_logo.svg/1200px-Kings_de_Sacramento_logo.svg.png,0,0,0,0,24,16,29,38,107,0,0,0,0,27,30,30,35,122,,,,,
,,,,13180,standard,2023,2024-01-26T03:00:00.000Z,,,2,,FALSE,3,Finished,4,4,FALSE,Chase Center,San Francisco,CA,,30,Sacramento Kings,Kings,SAC,https://upload.wikimedia.org/wikipedia/fr/thumb/9/95/Kings_de_Sacramento_logo.svg/1200px-Kings_de_Sacramento_logo.svg.png,11,Golden State Warriors,Warriors,GSW,https://upload.wikimedia.org/wikipedia/fr/thumb/d/de/Warriors_de_Golden_State_logo.svg/1200px-Warriors_de_Golden_State_logo.svg.png,0,0,0,0,40,35,29,30,134,0,0,0,0,32,40,29,32,133,,,,,
,,,,13199,standard,2023,2024-01-28T02:00:00.000Z,,,2,,FALSE,3,Finished,4,4,FALSE,American Airlines Center,Dallas,TX,,30,Sacramento Kings,Kings,SAC,https://upload.wikimedia.org/wikipedia/fr/thumb/9/95/Kings_de_Sacramento_logo.svg/1200px-Kings_de_Sacramento_logo.svg.png,8,Dallas Mavericks,Mavericks,DAL,https://upload.wikimedia.org/wikipedia/fr/thumb/b/b8/Mavericks_de_Dallas_logo.svg/150px-Mavericks_de_Dallas_logo.svg.png,0,0,0,0,29,34,31,26,120,0,0,0,0,25,24,26,40,115,,,,,
,,,,13211,standard,2023,2024-01-30T01:00:00.000Z,,,2,,FALSE,3,Finished,4,4,FALSE,FedExForum,Memphis,TN,,30,Sacramento Kings,Kings,SAC,https://upload.wikimedia.org/wikipedia/fr/thumb/9/95/Kings_de_Sacramento_logo.svg/1200px-Kings_de_Sacramento_logo.svg.png,19,Memphis Grizzlies,Grizzlies,MEM,https://upload.wikimedia.org/wikipedia/en/thumb/f/f1/Memphis_Grizzlies.svg/1200px-Memphis_Grizzlies.svg.png,0,0,0,0,18,29,28,28,103,0,0,0,0,33,17,21,23,94,,,,,
,,,,13226,standard,2023,2024-02-01T00:30:00.000Z,,,2,,FALSE,3,Finished,4,4,FALSE,Kaseya Center,Miami,FL,,30,Sacramento Kings,Kings,SAC,https://upload.wikimedia.org/wikipedia/fr/thumb/9/95/Kings_de_Sacramento_logo.svg/1200px-Kings_de_Sacramento_logo.svg.png,20,Miami Heat,Heat,MIA,https://upload.wikimedia.org/wikipedia/fr/thumb/1/1c/Miami_Heat_-_Logo.svg/1200px-Miami_Heat_-_Logo.svg.png,0,0,0,0,22,33,29,22,106,0,0,0,0,28,31,31,25,115,,,,,
,,,,13239,standard,2023,2024-02-03T00:30:00.000Z,,,2,,FALSE,3,Finished,4,4,FALSE,Gainbridge Fieldhouse,Indianapolis,IN,,30,Sacramento Kings,Kings,SAC,https://upload.wikimedia.org/wikipedia/fr/thumb/9/95/Kings_de_Sacramento_logo.svg/1200px-Kings_de_Sacramento_logo.svg.png,15,Indiana Pacers,Pacers,IND,https://upload.wikimedia.org/wikipedia/fr/thumb/c/cf/Pacers_de_l%27Indiana_logo.svg/1180px-Pacers_de_l%27Indiana_logo.svg.png,0,0,0,0,38,33,28,34,133,0,0,0,0,39,25,24,34,122,,,,,
,,,,13248,standard,2023,2024-02-04T01:00:00.000Z,,,2,,FALSE,3,Finished,4,4,FALSE,United Center,Chicago,IL,,30,Sacramento Kings,Kings,SAC,https://upload.wikimedia.org/wikipedia/fr/thumb/9/95/Kings_de_Sacramento_logo.svg/1200px-Kings_de_Sacramento_logo.svg.png,6,Chicago Bulls,Bulls,CHI,https://upload.wikimedia.org/wikipedia/fr/thumb/d/d1/Bulls_de_Chicago_logo.svg/1200px-Bulls_de_Chicago_logo.svg.png,0,0,0,0,32,39,20,32,123,0,0,0,0,25,27,29,34,115,,,,,
,,,,13262,standard,2023,2024-02-06T00:00:00.000Z,,,2,,FALSE,3,Finished,4,4,FALSE,Rocket Mortgage FieldHouse,Cleveland,OH,,30,Sacramento Kings,Kings,SAC,https://upload.wikimedia.org/wikipedia/fr/thumb/9/95/Kings_de_Sacramento_logo.svg/1200px-Kings_de_Sacramento_logo.svg.png,7,Cleveland Cavaliers,Cavaliers,CLE,https://upload.wikimedia.org/wikipedia/fr/thumb/0/06/Cavs_de_Cleveland_logo_2017.png/150px-Cavs_de_Cleveland_logo_2017.png,0,0,0,0,34,25,33,18,110,0,0,0,0,39,35,32,30,136,,,,,
,,,,13280,standard,2023,2024-02-08T03:00:00.000Z,,,2,,FALSE,3,Finished,4,4,FALSE,Golden 1 Center,Sacramento,CA,,10,Detroit Pistons,Pistons,DET,https://upload.wikimedia.org/wikipedia/commons/thumb/3/39/Logo_of_the_Detroit_Pistons.png/300px-Logo_of_the_Detroit_Pistons.png,30,Sacramento Kings,Kings,SAC,https://upload.wikimedia.org/wikipedia/fr/thumb/9/95/Kings_de_Sacramento_logo.svg/1200px-Kings_de_Sacramento_logo.svg.png,0,0,0,0,31,39,27,36,133,0,0,0,0,36,27,36,21,120,,,,,
,,,,13294,standard,2023,2024-02-10T03:00:00.000Z,,,2,,FALSE,3,Finished,4,4,FALSE,Golden 1 Center,Sacramento,CA,,9,Denver Nuggets,Nuggets,DEN,https://upload.wikimedia.org/wikipedia/fr/thumb/3/35/Nuggets_de_Denver_2018.png/180px-Nuggets_de_Denver_2018.png,30,Sacramento Kings,Kings,SAC,https://upload.wikimedia.org/wikipedia/fr/thumb/9/95/Kings_de_Sacramento_logo.svg/1200px-Kings_de_Sacramento_logo.svg.png,0,0,0,0,35,22,29,20,106,0,0,0,0,32,35,39,29,135,,,,,
,,,,13308,standard,2023,2024-02-11T20:00:00.000Z,,,2,,FALSE,3,Finished,4,4,FALSE,Paycom Center,Oklahoma City,OK,,30,Sacramento Kings,Kings,SAC,https://upload.wikimedia.org/wikipedia/fr/thumb/9/95/Kings_de_Sacramento_logo.svg/1200px-Kings_de_Sacramento_logo.svg.png,25,Oklahoma City Thunder,Thunder,OKC,https://upload.wikimedia.org/wikipedia/fr/thumb/4/4f/Thunder_d%27Oklahoma_City_logo.svg/1200px-Thunder_d%27Oklahoma_City_logo.svg.png,0,0,0,0,27,30,26,30,113,0,0,0,0,29,38,33,27,127,,,,,
,,,,13322,standard,2023,2024-02-14T03:00:00.000Z,,,2,,FALSE,3,Finished,4,4,FALSE,Footprint Center,Phoenix,AZ,,30,Sacramento Kings,Kings,SAC,https://upload.wikimedia.org/wikipedia/fr/thumb/9/95/Kings_de_Sacramento_logo.svg/1200px-Kings_de_Sacramento_logo.svg.png,28,Phoenix Suns,Suns,PHX,https://upload.wikimedia.org/wikipedia/fr/5/56/Phoenix_Suns_2013.png,0,0,0,0,39,28,25,33,125,0,0,0,0,38,26,30,36,130,,,,,
,,,,13334,standard,2023,2024-02-15T02:00:00.000Z,,,2,,FALSE,3,Finished,4,4,FALSE,Ball Arena,Denver,CO,,30,Sacramento Kings,Kings,SAC,https://upload.wikimedia.org/wikipedia/fr/thumb/9/95/Kings_de_Sacramento_logo.svg/1200px-Kings_de_Sacramento_logo.svg.png,9,Denver Nuggets,Nuggets,DEN,https://upload.wikimedia.org/wikipedia/fr/thumb/3/35/Nuggets_de_Denver_2018.png/180px-Nuggets_de_Denver_2018.png,0,0,0,0,16,25,30,31,102,0,0,0,0,27,26,21,24,98,,,,,
,,,,13351,standard,2023,2024-02-23T03:00:00.000Z,,,2,,FALSE,3,Finished,4,4,FALSE,Golden 1 Center,Sacramento,CA,,31,San Antonio Spurs,Spurs,SAS,https://upload.wikimedia.org/wikipedia/fr/0/0e/San_Antonio_Spurs_2018.png,30,Sacramento Kings,Kings,SAC,https://upload.wikimedia.org/wikipedia/fr/thumb/9/95/Kings_de_Sacramento_logo.svg/1200px-Kings_de_Sacramento_logo.svg.png,0,0,0,0,32,25,30,35,122,0,0,0,0,30,35,28,34,127,,,,,
,,,,13375,standard,2023,2024-02-26T02:30:00.000Z,,,2,,FALSE,3,Finished,4,4,FALSE,crypto.com Arena,Los Angeles,CA,,30,Sacramento Kings,Kings,SAC,https://upload.wikimedia.org/wikipedia/fr/thumb/9/95/Kings_de_Sacramento_logo.svg/1200px-Kings_de_Sacramento_logo.svg.png,16,LA Clippers,Clippers,LAC,https://upload.wikimedia.org/wikipedia/fr/d/d6/Los_Angeles_Clippers_logo_2010.png,0,0,0,0,25,33,31,34,123,0,0,0,0,28,23,29,27,107,,,,,
,,,,13379,standard,2023,2024-02-27T03:00:00.000Z,,,2,,FALSE,3,Finished,4,4,FALSE,Golden 1 Center,Sacramento,CA,,20,Miami Heat,Heat,MIA,https://upload.wikimedia.org/wikipedia/fr/thumb/1/1c/Miami_Heat_-_Logo.svg/1200px-Miami_Heat_-_Logo.svg.png,30,Sacramento Kings,Kings,SAC,https://upload.wikimedia.org/wikipedia/fr/thumb/9/95/Kings_de_Sacramento_logo.svg/1200px-Kings_de_Sacramento_logo.svg.png,0,0,0,0,32,33,36,20,121,0,0,0,0,33,29,19,29,110,,,,,
,,,,13395,standard,2023,2024-02-29T02:00:00.000Z,,,2,,FALSE,3,Finished,4,4,FALSE,Ball Arena,Denver,CO,,30,Sacramento Kings,Kings,SAC,https://upload.wikimedia.org/wikipedia/fr/thumb/9/95/Kings_de_Sacramento_logo.svg/1200px-Kings_de_Sacramento_logo.svg.png,9,Denver Nuggets,Nuggets,DEN,https://upload.wikimedia.org/wikipedia/fr/thumb/3/35/Nuggets_de_Denver_2018.png/180px-Nuggets_de_Denver_2018.png,0,0,0,0,35,20,17,24,96,0,0,0,0,28,37,35,17,117,,,,,
,,,,13410,standard,2023,2024-03-02T01:00:00.000Z,,,2,,FALSE,3,Finished,4,4,FALSE,Target Center,Minneapolis,MN,,30,Sacramento Kings,Kings,SAC,https://upload.wikimedia.org/wikipedia/fr/thumb/9/95/Kings_de_Sacramento_logo.svg/1200px-Kings_de_Sacramento_logo.svg.png,22,Minnesota Timberwolves,Timberwolves,MIN,https://upload.wikimedia.org/wikipedia/fr/thumb/d/d9/Timberwolves_du_Minnesota_logo_2017.png/200px-Timberwolves_du_Minnesota_logo_2017.png,0,0,0,0,30,30,31,24,124,0,0,0,0,22,37,23,33,120,,,,9,5
,,,,13431,standard,2023,2024-03-05T03:00:00.000Z,,,2,,FALSE,3,Finished,4,4,FALSE,Golden 1 Center,Sacramento,CA,,6,Chicago Bulls,Bulls,CHI,https://upload.wikimedia.org/wikipedia/fr/thumb/d/d1/Bulls_de_Chicago_logo.svg/1200px-Bulls_de_Chicago_logo.svg.png,30,Sacramento Kings,Kings,SAC,https://upload.wikimedia.org/wikipedia/fr/thumb/9/95/Kings_de_Sacramento_logo.svg/1200px-Kings_de_Sacramento_logo.svg.png,0,0,0,0,22,27,28,36,113,0,0,0,0,36,20,35,18,109,,,,,
,,,,13449,standard,2023,2024-03-07T03:30:00.000Z,,,2,,FALSE,3,Finished,4,4,FALSE,crypto.com Arena,Los Angeles,CA,,30,Sacramento Kings,Kings,SAC,https://upload.wikimedia.org/wikipedia/fr/thumb/9/95/Kings_de_Sacramento_logo.svg/1200px-Kings_de_Sacramento_logo.svg.png,17,Los Angeles Lakers,Lakers,LAL,https://upload.wikimedia.org/wikipedia/commons/thumb/3/3c/Los_Angeles_Lakers_logo.svg/220px-Los_Angeles_Lakers_logo.svg.png,0,0,0,0,28,44,32,26,130,0,0,0,0,37,20,35,28,120,,,,,
,,,,13456,standard,2023,2024-03-08T03:00:00.000Z,,,2,,FALSE,3,Finished,4,4,FALSE,Golden 1 Center,Sacramento,CA,,31,San Antonio Spurs,Spurs,SAS,https://upload.wikimedia.org/wikipedia/fr/0/0e/San_Antonio_Spurs_2018.png,30,Sacramento Kings,Kings,SAC,https://upload.wikimedia.org/wikipedia/fr/thumb/9/95/Kings_de_Sacramento_logo.svg/1200px-Kings_de_Sacramento_logo.svg.png,0,0,0,0,31,28,36,34,129,0,0,0,0,30,41,29,31,131,,,,,
,,,,13477,standard,2023,2024-03-10T22:00:00.000Z,,,2,,FALSE,3,Finished,4,4,FALSE,Golden 1 Center,Sacramento,CA,,14,Houston Rockets,Rockets,HOU,https://upload.wikimedia.org/wikipedia/fr/thumb/d/de/Houston_Rockets_logo_2003.png/330px-Houston_Rockets_logo_2003.png,30,Sacramento Kings,Kings,SAC,https://upload.wikimedia.org/wikipedia/fr/thumb/9/95/Kings_de_Sacramento_logo.svg/1200px-Kings_de_Sacramento_logo.svg.png,0,0,0,0,23,31,32,26,112,0,0,0,0,30,29,14,31,104,,,,,
,,,,13493,standard,2023,2024-03-13T02:00:00.000Z,,,2,,FALSE,3,Finished,4,4,FALSE,Golden 1 Center,Sacramento,CA,,21,Milwaukee Bucks,Bucks,MIL,https://upload.wikimedia.org/wikipedia/fr/3/34/Bucks2015.png,30,Sacramento Kings,Kings,SAC,https://upload.wikimedia.org/wikipedia/fr/thumb/9/95/Kings_de_Sacramento_logo.svg/1200px-Kings_de_Sacramento_logo.svg.png,0,0,0,0,30,26,22,16,94,0,0,0,0,38,37,20,34,129,,,,,
,,,,13502,standard,2023,2024-03-14T02:00:00.000Z,,,2,,FALSE,3,Finished,4,4,FALSE,Golden 1 Center,Sacramento,CA,,17,Los Angeles Lakers,Lakers,LAL,https://upload.wikimedia.org/wikipedia/commons/thumb/3/3c/Los_Angeles_Lakers_logo.svg/220px-Los_Angeles_Lakers_logo.svg.png,30,Sacramento Kings,Kings,SAC,https://upload.wikimedia.org/wikipedia/fr/thumb/9/95/Kings_de_Sacramento_logo.svg/1200px-Kings_de_Sacramento_logo.svg.png,0,0,0,0,29,27,17,34,107,0,0,0,0,29,31,28,32,120,,,,,
,,,,13523,standard,2023,2024-03-17T02:00:00.000Z,,,2,,FALSE,3,Finished,4,4,FALSE,Golden 1 Center,Sacramento,CA,,24,New York Knicks,Knicks,NYK,https://upload.wikimedia.org/wikipedia/fr/3/34/Knicks_de_NY.png,30,Sacramento Kings,Kings,SAC,https://upload.wikimedia.org/wikipedia/fr/thumb/9/95/Kings_de_Sacramento_logo.svg/1200px-Kings_de_Sacramento_logo.svg.png,0,0,0,0,21,32,22,23,98,0,0,0,0,22,26,26,17,91,,,,,
,,,,13537,standard,2023,2024-03-19T02:00:00.000Z,,,2,,FALSE,3,Finished,4,4,FALSE,Golden 1 Center,Sacramento,CA,,19,Memphis Grizzlies,Grizzlies,MEM,https://upload.wikimedia.org/wikipedia/en/thumb/f/f1/Memphis_Grizzlies.svg/1200px-Memphis_Grizzlies.svg.png,30,Sacramento Kings,Kings,SAC,https://upload.wikimedia.org/wikipedia/fr/thumb/9/95/Kings_de_Sacramento_logo.svg/1200px-Kings_de_Sacramento_logo.svg.png,0,0,0,0,32,15,29,29,111,0,0,0,0,28,29,27,21,121,,,,6,16
,,,,13547,standard,2023,2024-03-20T23:30:00.000Z,,,2,,FALSE,3,Finished,4,4,FALSE,Scotiabank Arena,Toronto,ON,,30,Sacramento Kings,Kings,SAC,https://upload.wikimedia.org/wikipedia/fr/thumb/9/95/Kings_de_Sacramento_logo.svg/1200px-Kings_de_Sacramento_logo.svg.png,38,Toronto Raptors,Raptors,TOR,https://upload.wikimedia.org/wikipedia/fr/8/89/Raptors2015.png,0,0,0,0,32,36,31,24,123,0,0,0,0,27,18,20,24,89,,,,,
,,,,13553,standard,2023,2024-03-21T23:00:00.000Z,,,2,,FALSE,3,Finished,4,4,FALSE,Capital One Arena,Washington,DC,,30,Sacramento Kings,Kings,SAC,https://upload.wikimedia.org/wikipedia/fr/thumb/9/95/Kings_de_Sacramento_logo.svg/1200px-Kings_de_Sacramento_logo.svg.png,41,Washington Wizards,Wizards,WAS,https://upload.wikimedia.org/wikipedia/fr/archive/d/d6/20161212034849%21Wizards2015.png,0,0,0,0,27,27,22,26,102,0,0,0,0,35,21,28,25,109,,,,,
,,,,13568,standard,2023,2024-03-23T23:00:00.000Z,,,2,,FALSE,3,Finished,4,4,FALSE,Amway Center,Orlando,FL,,30,Sacramento Kings,Kings,SAC,https://upload.wikimedia.org/wikipedia/fr/thumb/9/95/Kings_de_Sacramento_logo.svg/1200px-Kings_de_Sacramento_logo.svg.png,26,Orlando Magic,Magic,ORL,https://upload.wikimedia.org/wikipedia/fr/b/bd/Orlando_Magic_logo_2010.png,0,0,0,0,27,27,27,28,109,0,0,0,0,26,30,25,26,107,,,,,
,,,,13590,standard,2023,2024-03-26T02:00:00.000Z,,,2,,FALSE,3,Finished,4,4,FALSE,Golden 1 Center,Sacramento,CA,,27,Philadelphia 76ers,76ers,PHI,https://upload.wikimedia.org/wikipedia/fr/4/48/76ers_2016.png,30,Sacramento Kings,Kings,SAC,https://upload.wikimedia.org/wikipedia/fr/thumb/9/95/Kings_de_Sacramento_logo.svg/1200px-Kings_de_Sacramento_logo.svg.png,0,0,0,0,25,23,20,28,96,0,0,0,0,31,29,23,25,108,,,,,
,,,,13595,standard,2023,2024-03-27T02:00:00.000Z,,,2,,FALSE,1,Scheduled,0,4,FALSE,Golden 1 Center,Sacramento,CA,,8,Dallas Mavericks,Mavericks,DAL,https://upload.wikimedia.org/wikipedia/fr/thumb/b/b8/Mavericks_de_Dallas_logo.svg/150px-Mavericks_de_Dallas_logo.svg.png,30,Sacramento Kings,Kings,SAC,https://upload.wikimedia.org/wikipedia/fr/thumb/9/95/Kings_de_Sacramento_logo.svg/1200px-Kings_de_Sacramento_logo.svg.png,0,0,0,0,,,,,,0,0,0,0,,,,,,,,,,
,,,,13621,standard,2023,2024-03-30T02:00:00.000Z,,,2,,FALSE,1,Scheduled,0,4,FALSE,Golden 1 Center,Sacramento,CA,,8,Dallas Mavericks,Mavericks,DAL,https://upload.wikimedia.org/wikipedia/fr/thumb/b/b8/Mavericks_de_Dallas_logo.svg/150px-Mavericks_de_Dallas_logo.svg.png,30,Sacramento Kings,Kings,SAC,https://upload.wikimedia.org/wikipedia/fr/thumb/9/95/Kings_de_Sacramento_logo.svg/1200px-Kings_de_Sacramento_logo.svg.png,,,,,,,,,,,,,,,,,,,,,,,
,,,,13634,standard,2023,2024-04-01T01:00:00.000Z,,,2,,FALSE,1,Scheduled,0,4,FALSE,Golden 1 Center,Sacramento,CA,,40,Utah Jazz,Jazz,UTA,https://upload.wikimedia.org/wikipedia/fr/3/3b/Jazz_de_l%27Utah_logo.png,30,Sacramento Kings,Kings,SAC,https://upload.wikimedia.org/wikipedia/fr/thumb/9/95/Kings_de_Sacramento_logo.svg/1200px-Kings_de_Sacramento_logo.svg.png,,,,,,,,,,,,,,,,,,,,,,,
,,,,13649,standard,2023,2024-04-03T02:00:00.000Z,,,2,,FALSE,1,Scheduled,0,4,FALSE,Golden 1 Center,Sacramento,CA,,16,LA Clippers,Clippers,LAC,https://upload.wikimedia.org/wikipedia/fr/d/d6/Los_Angeles_Clippers_logo_2010.png,30,Sacramento Kings,Kings,SAC,https://upload.wikimedia.org/wikipedia/fr/thumb/9/95/Kings_de_Sacramento_logo.svg/1200px-Kings_de_Sacramento_logo.svg.png,,,,,,,,,,,,,,,,,,,,,,,
,,,,13660,standard,2023,2024-04-04T23:30:00.000Z,,,2,,FALSE,1,Scheduled,0,4,FALSE,Madison Square Garden,New York,NY,,30,Sacramento Kings,Kings,SAC,https://upload.wikimedia.org/wikipedia/fr/thumb/9/95/Kings_de_Sacramento_logo.svg/1200px-Kings_de_Sacramento_logo.svg.png,24,New York Knicks,Knicks,NYK,https://upload.wikimedia.org/wikipedia/fr/3/34/Knicks_de_NY.png,,,,,,,,,,,,,,,,,,,,,,,
,,,,13666,standard,2023,2024-04-05T23:30:00.000Z,,,2,,FALSE,1,Scheduled,0,4,FALSE,TD Garden,Boston,MA,,30,Sacramento Kings,Kings,SAC,https://upload.wikimedia.org/wikipedia/fr/thumb/9/95/Kings_de_Sacramento_logo.svg/1200px-Kings_de_Sacramento_logo.svg.png,2,Boston Celtics,Celtics,BOS,https://upload.wikimedia.org/wikipedia/fr/thumb/6/65/Celtics_de_Boston_logo.svg/1024px-Celtics_de_Boston_logo.svg.png,,,,,,,,,,,,,,,,,,,,,,,
,,,,13689,standard,2023,2024-04-07T23:30:00.000Z,,,2,,FALSE,1,Scheduled,0,4,FALSE,Barclays Center,Brooklyn,NY,,30,Sacramento Kings,Kings,SAC,https://upload.wikimedia.org/wikipedia/fr/thumb/9/95/Kings_de_Sacramento_logo.svg/1200px-Kings_de_Sacramento_logo.svg.png,4,Brooklyn Nets,Nets,BKN,https://upload.wikimedia.org/wikipedia/commons/thumb/4/44/Brooklyn_Nets_newlogo.svg/130px-Brooklyn_Nets_newlogo.svg.png,,,,,,,,,,,,,,,,,,,,,,,
,,,,13701,standard,2023,2024-04-10T00:00:00.000Z,,,2,,FALSE,1,Scheduled,0,4,FALSE,Paycom Center,Oklahoma City,OK,,30,Sacramento Kings,Kings,SAC,https://upload.wikimedia.org/wikipedia/fr/thumb/9/95/Kings_de_Sacramento_logo.svg/1200px-Kings_de_Sacramento_logo.svg.png,25,Oklahoma City Thunder,Thunder,OKC,https://upload.wikimedia.org/wikipedia/fr/thumb/4/4f/Thunder_d%27Oklahoma_City_logo.svg/1200px-Thunder_d%27Oklahoma_City_logo.svg.png,,,,,,,,,,,,,,,,,,,,,,,
,,,,13718,standard,2023,2024-04-12T02:00:00.000Z,,,2,,FALSE,1,Scheduled,0,4,FALSE,Golden 1 Center,Sacramento,CA,,23,New Orleans Pelicans,Pelicans,NOP,https://upload.wikimedia.org/wikipedia/fr/thumb/2/21/New_Orleans_Pelicans.png/200px-New_Orleans_Pelicans.png,30,Sacramento Kings,Kings,SAC,https://upload.wikimedia.org/wikipedia/fr/thumb/9/95/Kings_de_Sacramento_logo.svg/1200px-Kings_de_Sacramento_logo.svg.png,,,,,,,,,,,,,,,,,,,,,,,
,,,,13733,standard,2023,2024-04-13T02:30:00.000Z,,,2,,FALSE,1,Scheduled,0,4,FALSE,Golden 1 Center,Sacramento,CA,,28,Phoenix Suns,Suns,PHX,https://upload.wikimedia.org/wikipedia/fr/5/56/Phoenix_Suns_2013.png,30,Sacramento Kings,Kings,SAC,https://upload.wikimedia.org/wikipedia/fr/thumb/9/95/Kings_de_Sacramento_logo.svg/1200px-Kings_de_Sacramento_logo.svg.png,,,,,,,,,,,,,,,,,,,,,,,
,,,,13748,standard,2023,2024-04-14T19:30:00.000Z,,,2,,FALSE,1,Scheduled,0,4,FALSE,Golden 1 Center,Sacramento,CA,,29,Portland Trail Blazers,Trail Blazers,POR,https://upload.wikimedia.org/wikipedia/en/thumb/2/21/Portland_Trail_Blazers_logo.svg/1200px-Portland_Trail_Blazers_logo.svg.png,30,Sacramento Kings,Kings,SAC,https://upload.wikimedia.org/wikipedia/fr/thumb/9/95/Kings_de_Sacramento_logo.svg/1200px-Kings_de_Sacramento_logo.svg.png,,,,,,,,,,,,,,,,,,,,,,,
,,,,13750,standard,2023,2023-12-05T03:00:00.000Z,,,2,,FALSE,3,Finished,4,4,FALSE,Golden 1 Center,Sacramento,CA,,23,New Orleans Pelicans,Pelicans,NOP,https://upload.wikimedia.org/wikipedia/fr/thumb/2/21/New_Orleans_Pelicans.png/200px-New_Orleans_Pelicans.png,30,Sacramento Kings,Kings,SAC,https://upload.wikimedia.org/wikipedia/fr/thumb/9/95/Kings_de_Sacramento_logo.svg/1200px-Kings_de_Sacramento_logo.svg.png,0,0,0,0,35,34,31,27,127,0,0,0,0,36,25,30,26,117,,,,,
,,,,13778,standard,2023,2023-12-09T02:00:00.000Z,,,2,,FALSE,3,Finished,4,4,FALSE,Footprint Center,Phoenix,AZ,,30,Sacramento Kings,Kings,SAC,https://upload.wikimedia.org/wikipedia/fr/thumb/9/95/Kings_de_Sacramento_logo.svg/1200px-Kings_de_Sacramento_logo.svg.png,28,Phoenix Suns,Suns,PHX,https://upload.wikimedia.org/wikipedia/fr/5/56/Phoenix_Suns_2013.png,0,0,0,0,24,26,33,31,114,0,0,0,0,26,33,12,35,106,,,,,